Gender,Age,Annual Income (k$),Spending Score (1-100),Income_Age_Ratio
,39.0,59.9,58.0,1.5358974358974358
,34.0,48.4,37.0,1.423529411764706
,40.0,70.5,26.0,1.7625
,47.0,81.1,30.0,1.7255319148936168
,33.0,42.1,58.0,1.2757575757575759
,33.0,36.7,73.0,1.1121212121212123
,48.0,90.4,34.0,1.8833333333333335
,41.0,74.8,35.0,1.8243902439024389
,31.0,42.3,43.0,1.364516129032258
,39.0,48.6,61.0,1.2461538461538462
,31.0,21.2,52.0,0.6838709677419355
,31.0,47.2,67.0,1.5225806451612904
,37.0,45.4,48.0,1.227027027027027
,20.0,15.0,78.0,0.75
,21.0,25.9,65.0,1.2333333333333332
,31.0,35.3,54.0,1.1387096774193548
,27.0,39.7,49.0,1.4703703703703705
,38.0,55.9,43.0,1.4710526315789474
,28.0,38.5,59.0,1.375
,24.0,15.0,64.0,0.625
,47.0,89.0,23.0,1.8936170212765957
,33.0,44.1,51.0,1.3363636363636364
,36.0,44.4,52.0,1.2333333333333334
,24.0,26.9,37.0,1.1208333333333333
,31.0,24.2,65.0,0.7806451612903226
,36.0,50.7,39.0,1.4083333333333334
,38.0,40.2,36.0,1.0578947368421054
,30.0,24.4,42.0,0.8133333333333332
,33.0,50.9,36.0,1.5424242424242425
,30.0,31.6,50.0,1.0533333333333335
,50.0,99.1,42.0,1.982
,35.0,41.3,48.0,1.18
,27.0,17.5,65.0,0.6481481481481481
,42.0,62.1,46.0,1.4785714285714286
,25.0,37.5,56.0,1.5
,37.0,48.0,49.0,1.2972972972972974
,19.0,15.0,50.0,0.7894736842105263
,24.0,27.1,73.0,1.1291666666666667
,37.0,53.2,66.0,1.4378378378378378
,41.0,87.7,16.0,2.1390243902439026
,36.0,59.0,35.0,1.6388888888888888
,34.0,40.9,51.0,1.2029411764705882
,33.0,31.4,48.0,0.9515151515151514
,23.0,20.7,66.0,0.9
,29.0,36.9,48.0,1.2724137931034483
,31.0,30.7,79.0,0.9903225806451613
,43.0,64.9,53.0,1.5093023255813955
,38.0,53.8,49.0,1.4157894736842105
,21.0,20.0,71.0,0.9523809523809523
,38.0,51.3,59.0,1.3499999999999999
,32.0,34.1,51.0,1.065625
,30.0,34.8,48.0,1.16
,40.0,70.0,41.0,1.75
,43.0,82.3,42.0,1.913953488372093
,42.0,77.7,37.0,1.85
,28.0,18.2,47.0,0.65
,33.0,34.6,48.0,1.0484848484848486
,38.0,39.0,52.0,1.0263157894736843
,43.0,70.5,38.0,1.6395348837209303
,31.0,37.7,75.0,1.2161290322580647
,34.0,32.2,43.0,0.9470588235294118
,26.0,22.0,66.0,0.8461538461538461
,25.0,19.6,77.0,0.784
,42.0,80.9,57.0,1.9261904761904762
,46.0,77.7,30.0,1.6891304347826088
,34.0,38.0,59.0,1.1176470588235294
,38.0,46.6,52.0,1.2263157894736842
,30.0,34.4,55.0,1.1466666666666667
,38.0,64.4,47.0,1.6947368421052633
,47.0,89.1,3.0,1.8957446808510636
,35.0,35.2,62.0,1.0057142857142858
,48.0,98.1,26.0,2.0437499999999997
,18.0,21.5,56.0,1.1944444444444444
,42.0,62.8,62.0,1.4952380952380953
,36.0,54.0,41.0,1.5
,33.0,54.3,44.0,1.6454545454545453
,36.0,38.4,74.0,1.0666666666666667
,19.0,15.0,53.0,0.7894736842105263
,33.0,50.1,44.0,1.5181818181818183
,38.0,53.2,46.0,1.4000000000000001
,47.0,86.9,38.0,1.848936170212766
,31.0,41.1,56.0,1.3258064516129033
,29.0,37.9,42.0,1.306896551724138
,31.0,27.8,54.0,0.8967741935483872
,42.0,84.3,27.0,2.007142857142857
,38.0,60.4,44.0,1.5894736842105264
,31.0,36.6,60.0,1.1806451612903226
,39.0,52.5,52.0,1.3461538461538463
,36.0,35.2,37.0,0.9777777777777779
,43.0,69.3,50.0,1.611627906976744
,29.0,39.4,57.0,1.3586206896551725
,32.0,39.7,68.0,1.240625
,32.0,49.2,55.0,1.5375
,23.0,21.3,72.0,0.9260869565217391
,37.0,53.7,52.0,1.4513513513513514
,37.0,41.0,66.0,1.1081081081081081
,35.0,45.4,57.0,1.2971428571428572
,33.0,40.6,53.0,1.2303030303030305
,24.0,27.6,81.0,1.1500000000000001
,32.0,37.2,64.0,1.1625
,32.0,39.1,60.0,1.221875
,29.0,41.4,41.0,1.4275862068965517
,34.0,40.3,41.0,1.1852941176470588
,50.0,104.9,21.0,2.0980000000000003
,36.0,58.5,40.0,1.625
,37.0,38.9,55.0,1.0513513513513513
,34.0,49.3,66.0,1.45
,20.0,15.0,69.0,0.75
,35.0,47.7,39.0,1.362857142857143
,35.0,48.0,49.0,1.3714285714285714
,55.0,97.7,10.0,1.7763636363636364
,33.0,35.7,52.0,1.081818181818182
,37.0,43.7,47.0,1.1810810810810812
,35.0,38.3,49.0,1.0942857142857143
,44.0,77.5,34.0,1.7613636363636365
,41.0,78.7,30.0,1.9195121951219514
,41.0,79.7,6.0,1.9439024390243904
,28.0,44.9,72.0,1.6035714285714284
,46.0,79.5,44.0,1.7282608695652173
,24.0,27.7,54.0,1.1541666666666666
,40.0,80.0,36.0,2.0
,53.0,100.1,8.0,1.8886792452830188
,27.0,31.8,74.0,1.1777777777777778
,30.0,42.5,72.0,1.4166666666666667
,36.0,51.3,50.0,1.4249999999999998
,31.0,28.5,69.0,0.9193548387096774
,23.0,31.0,58.0,1.3478260869565217
,36.0,54.5,34.0,1.5138888888888888
,27.0,25.1,56.0,0.9296296296296297
,39.0,53.1,48.0,1.3615384615384616
,47.0,82.7,29.0,1.7595744680851064
,29.0,43.4,52.0,1.496551724137931
,32.0,59.1,45.0,1.846875
,42.0,66.2,41.0,1.5761904761904764
,25.0,16.6,52.0,0.664
,37.0,51.6,41.0,1.3945945945945946
,45.0,87.6,18.0,1.9466666666666665
,22.0,20.4,70.0,0.9272727272727272
,36.0,59.0,25.0,1.6388888888888888
,37.0,38.5,65.0,1.0405405405405406
,41.0,74.8,52.0,1.8243902439024389
,25.0,22.8,57.0,0.912
,24.0,39.6,27.0,1.6500000000000001
,39.0,68.7,37.0,1.7615384615384617
,37.0,43.1,51.0,1.164864864864865
,37.0,44.8,41.0,1.2108108108108107
,38.0,57.9,40.0,1.5236842105263158
,30.0,33.5,72.0,1.1166666666666667
,37.0,48.8,56.0,1.3189189189189188
,37.0,49.4,40.0,1.335135135135135
,29.0,19.4,46.0,0.6689655172413793
,50.0,84.7,25.0,1.694
,39.0,47.3,47.0,1.2128205128205127
,25.0,23.7,65.0,0.948
,40.0,82.1,30.0,2.0524999999999998
,27.0,21.1,66.0,0.7814814814814816
,41.0,87.9,52.0,2.1439024390243904
,44.0,84.9,40.0,1.9295454545454547
,28.0,30.8,57.0,1.1
,43.0,86.4,30.0,2.0093023255813955
,38.0,53.7,44.0,1.4131578947368422
,42.0,81.7,46.0,1.9452380952380952
,50.0,92.6,19.0,1.8519999999999999
,33.0,39.3,55.0,1.190909090909091
,29.0,29.9,59.0,1.0310344827586206
,28.0,24.3,55.0,0.8678571428571429
,28.0,26.4,46.0,0.9428571428571428
,34.0,67.4,46.0,1.9823529411764707
,38.0,61.0,44.0,1.605263157894737
,37.0,38.4,59.0,1.037837837837838
,42.0,70.0,34.0,1.6666666666666667
,35.0,49.5,62.0,1.4142857142857144
,47.0,85.6,21.0,1.8212765957446808
,33.0,46.4,68.0,1.406060606060606
,57.0,88.8,2.0,1.5578947368421052
,40.0,68.2,45.0,1.705
,28.0,35.6,60.0,1.2714285714285716
,26.0,30.1,50.0,1.1576923076923078
,39.0,35.0,59.0,0.8974358974358975
,33.0,40.2,67.0,1.2181818181818183
,41.0,73.9,16.0,1.802439024390244
,39.0,54.2,52.0,1.38974358974359
,28.0,35.9,46.0,1.282142857142857
,23.0,21.5,77.0,0.9347826086956522
,31.0,45.8,46.0,1.4774193548387096
,42.0,82.5,22.0,1.9642857142857142
,37.0,52.6,46.0,1.4216216216216218
,25.0,32.5,77.0,1.3
,36.0,63.9,25.0,1.775
,38.0,42.0,41.0,1.105263157894737
,28.0,36.8,70.0,1.3142857142857143
,36.0,40.0,72.0,1.1111111111111112
,35.0,50.0,48.0,1.4285714285714286
,26.0,22.1,48.0,0.8500000000000001
,38.0,47.7,71.0,1.2552631578947369
,39.0,50.4,64.0,1.2923076923076924
,44.0,87.2,38.0,1.981818181818182
,43.0,79.7,27.0,1.8534883720930233
,24.0,15.8,62.0,0.6583333333333333
,27.0,31.6,56.0,1.1703703703703705
,39.0,47.1,53.0,1.2076923076923076
,39.0,42.7,66.0,1.094871794871795
,39.0,51.1,57.0,1.3102564102564103
,66.0,98.9,1.0,1.4984848484848485
,40.0,86.0,47.0,2.15
,44.0,82.6,36.0,1.8772727272727272
,43.0,59.0,50.0,1.372093023255814
,40.0,66.6,56.0,1.6649999999999998
,32.0,48.4,39.0,1.5125
,41.0,94.2,30.0,2.2975609756097564
,29.0,22.1,56.0,0.7620689655172415
,33.0,27.0,43.0,0.8181818181818182
,31.0,53.4,52.0,1.7225806451612902
,36.0,50.5,74.0,1.4027777777777777
,54.0,86.7,5.0,1.6055555555555556
,20.0,22.9,59.0,1.145
,40.0,53.1,53.0,1.3275000000000001
,22.0,22.2,61.0,1.009090909090909
,31.0,41.0,52.0,1.3225806451612903
,44.0,82.8,20.0,1.8818181818181818
,36.0,39.3,56.0,1.0916666666666666
,26.0,30.1,50.0,1.1576923076923078
,29.0,27.4,37.0,0.9448275862068966
,40.0,76.1,50.0,1.9024999999999999
,29.0,27.6,69.0,0.9517241379310345
,37.0,45.9,51.0,1.2405405405405405
,35.0,37.6,57.0,1.0742857142857143
,30.0,41.8,64.0,1.3933333333333333
,52.0,90.3,26.0,1.7365384615384616
,40.0,65.1,51.0,1.6275
,19.0,17.1,58.0,0.9
,36.0,35.8,68.0,0.9944444444444444
,30.0,34.2,60.0,1.1400000000000001
,42.0,66.0,43.0,1.5714285714285714
,29.0,55.8,35.0,1.9241379310344826
,34.0,34.9,59.0,1.026470588235294
,39.0,64.5,34.0,1.6538461538461537
,42.0,87.0,26.0,2.0714285714285716
,25.0,29.8,49.0,1.192
,32.0,54.3,38.0,1.696875
,31.0,41.4,75.0,1.335483870967742
,30.0,39.7,67.0,1.3233333333333335
,49.0,80.3,50.0,1.6387755102040815
,38.0,60.8,32.0,1.5999999999999999
,25.0,36.4,56.0,1.456
,42.0,71.7,26.0,1.7071428571428573
,52.0,81.5,21.0,1.5673076923076923
,43.0,71.5,29.0,1.6627906976744187
,23.0,17.6,74.0,0.7652173913043478
,31.0,37.9,51.0,1.2225806451612902
,45.0,83.1,43.0,1.8466666666666665
,29.0,31.1,64.0,1.0724137931034483
,39.0,52.5,70.0,1.3461538461538463
,41.0,76.4,22.0,1.8634146341463416
,28.0,39.8,67.0,1.4214285714285713
,35.0,27.6,70.0,0.7885714285714286
,18.0,15.0,51.0,0.8333333333333334
,27.0,32.9,67.0,1.2185185185185186
,33.0,51.6,53.0,1.5636363636363637
,25.0,23.7,58.0,0.948
,48.0,68.1,28.0,1.41875
,24.0,30.8,50.0,1.2833333333333334
,31.0,33.3,77.0,1.0741935483870966
,36.0,37.9,54.0,1.0527777777777778
,47.0,74.8,42.0,1.5914893617021275
,24.0,24.3,52.0,1.0125
,44.0,72.6,29.0,1.65
,35.0,28.0,69.0,0.8
,27.0,38.4,41.0,1.4222222222222223
,39.0,63.0,39.0,1.6153846153846154
,37.0,54.4,48.0,1.4702702702702701
,30.0,27.5,60.0,0.9166666666666666
,36.0,45.8,49.0,1.2722222222222221
,32.0,40.1,58.0,1.253125
,36.0,52.2,55.0,1.4500000000000002
,40.0,90.9,39.0,2.2725
,48.0,79.6,22.0,1.6583333333333332
,25.0,28.3,55.0,1.1320000000000001
,52.0,92.7,35.0,1.7826923076923078
,34.0,49.4,36.0,1.4529411764705882
,40.0,68.7,44.0,1.7175
,37.0,49.9,29.0,1.3486486486486486
,30.0,47.9,51.0,1.5966666666666667
,33.0,45.3,71.0,1.3727272727272726
,31.0,31.5,48.0,1.0161290322580645
,30.0,47.8,43.0,1.5933333333333333
,42.0,85.2,41.0,2.0285714285714285
,38.0,47.5,34.0,1.25
,29.0,31.0,51.0,1.0689655172413792
,42.0,78.0,42.0,1.8571428571428572
,37.0,52.9,42.0,1.4297297297297298
,42.0,71.6,36.0,1.7047619047619047
,40.0,77.2,45.0,1.9300000000000002
,28.0,46.6,55.0,1.6642857142857144
,31.0,47.0,54.0,1.5161290322580645
,41.0,68.1,37.0,1.6609756097560975
,40.0,79.2,40.0,1.98
,35.0,37.3,53.0,1.0657142857142856
,36.0,50.6,54.0,1.4055555555555557
,45.0,93.2,23.0,2.071111111111111
,30.0,34.9,54.0,1.1633333333333333
,39.0,46.0,40.0,1.1794871794871795
,33.0,36.8,55.0,1.115151515151515
,33.0,33.3,48.0,1.009090909090909
,44.0,72.7,26.0,1.6522727272727273
,42.0,69.3,42.0,1.65
,42.0,66.9,42.0,1.592857142857143
,45.0,84.7,39.0,1.8822222222222222
,35.0,52.8,44.0,1.5085714285714285
,40.0,65.2,46.0,1.6300000000000001
,33.0,54.2,54.0,1.6424242424242426
,38.0,55.1,51.0,1.45
,34.0,52.0,41.0,1.5294117647058822
,36.0,42.1,54.0,1.1694444444444445
,40.0,75.0,42.0,1.875
,28.0,24.3,60.0,0.8678571428571429
,52.0,104.9,1.0,2.0173076923076922
,27.0,32.6,58.0,1.2074074074074075
,25.0,32.0,79.0,1.28
,44.0,74.0,33.0,1.6818181818181819
,41.0,63.6,35.0,1.551219512195122
,40.0,63.8,46.0,1.595
,40.0,59.0,48.0,1.475
,35.0,49.3,62.0,1.4085714285714286
,28.0,22.1,49.0,0.7892857142857144
,36.0,54.2,55.0,1.5055555555555555
,30.0,26.7,65.0,0.89
,43.0,83.6,32.0,1.9441860465116279
,34.0,48.8,54.0,1.4352941176470588
,28.0,27.4,69.0,0.9785714285714285
,32.0,44.9,61.0,1.403125
,38.0,53.1,36.0,1.3973684210526316
,30.0,32.3,65.0,1.0766666666666667
,28.0,24.9,59.0,0.8892857142857142
,37.0,33.5,56.0,0.9054054054054054
,37.0,52.0,49.0,1.4054054054054055
,31.0,25.9,58.0,0.8354838709677419
,31.0,39.2,66.0,1.2645161290322582
,37.0,47.1,49.0,1.272972972972973
,23.0,29.4,46.0,1.2782608695652173
,24.0,23.4,56.0,0.975
,29.0,32.2,59.0,1.110344827586207
,33.0,47.9,63.0,1.4515151515151514
,37.0,51.9,54.0,1.4027027027027026
,47.0,90.7,19.0,1.9297872340425533
,42.0,74.6,62.0,1.776190476190476
,34.0,31.5,60.0,0.9264705882352942
,35.0,51.7,62.0,1.4771428571428573
,27.0,36.1,54.0,1.337037037037037
,35.0,37.5,60.0,1.0714285714285714
,33.0,40.0,62.0,1.2121212121212122
,38.0,50.7,61.0,1.3342105263157895
,28.0,31.9,68.0,1.1392857142857142
,39.0,55.5,55.0,1.4230769230769231
,47.0,103.3,20.0,2.197872340425532
,34.0,52.5,43.0,1.5441176470588236
,38.0,40.5,56.0,1.0657894736842106
,41.0,78.9,45.0,1.9243902439024392
,32.0,50.8,47.0,1.5875
,37.0,52.3,59.0,1.4135135135135135
,35.0,54.3,62.0,1.5514285714285714
,36.0,63.5,35.0,1.7638888888888888
,29.0,43.0,44.0,1.4827586206896552
,35.0,47.6,49.0,1.36
,39.0,61.2,47.0,1.5692307692307692
,47.0,86.7,24.0,1.84468085106383
,43.0,84.7,46.0,1.9697674418604652
,52.0,87.7,29.0,1.6865384615384615
,29.0,47.3,51.0,1.6310344827586205
,42.0,72.2,24.0,1.7190476190476192
,36.0,59.7,32.0,1.6583333333333334
,53.0,86.1,28.0,1.6245283018867924
,29.0,23.6,39.0,0.8137931034482759
,28.0,35.9,66.0,1.282142857142857
,30.0,19.8,60.0,0.66
,18.0,20.0,92.0,1.1111111111111112
,31.0,45.5,75.0,1.467741935483871
,29.0,30.1,56.0,1.0379310344827586
,36.0,48.4,49.0,1.3444444444444443
,38.0,66.6,52.0,1.7526315789473683
,50.0,82.3,46.0,1.646
,43.0,70.2,22.0,1.6325581395348838
,30.0,48.5,33.0,1.6166666666666667
,28.0,48.7,44.0,1.7392857142857143
,24.0,33.9,61.0,1.4124999999999999
,50.0,102.4,32.0,2.048
,44.0,72.7,25.0,1.6522727272727273
,31.0,34.5,33.0,1.1129032258064515
,21.0,30.2,65.0,1.438095238095238
,46.0,92.1,20.0,2.002173913043478
,34.0,48.3,30.0,1.4205882352941175
,45.0,70.0,39.0,1.5555555555555556
,22.0,38.1,61.0,1.731818181818182
,30.0,32.4,56.0,1.0799999999999998
,35.0,42.9,48.0,1.2257142857142858
,35.0,48.3,49.0,1.38
,31.0,50.8,46.0,1.6387096774193548
,40.0,85.0,21.0,2.125
,26.0,32.7,49.0,1.2576923076923079
,34.0,47.5,56.0,1.3970588235294117
,36.0,47.7,53.0,1.3250000000000002
,39.0,57.3,47.0,1.4692307692307691
,41.0,46.5,39.0,1.1341463414634145
,26.0,27.0,57.0,1.0384615384615385
,23.0,25.9,37.0,1.126086956521739
,45.0,71.9,39.0,1.597777777777778
,38.0,54.1,61.0,1.4236842105263159
,29.0,33.2,42.0,1.1448275862068966
,47.0,82.7,25.0,1.7595744680851064
,36.0,60.0,49.0,1.6666666666666667
,44.0,69.8,51.0,1.5863636363636362
,36.0,46.2,46.0,1.2833333333333334
,51.0,91.4,18.0,1.7921568627450981
,49.0,89.1,7.0,1.8183673469387753
,33.0,43.6,53.0,1.3212121212121213
,43.0,73.7,58.0,1.713953488372093
,40.0,68.6,43.0,1.7149999999999999
,46.0,92.0,28.0,2.0
,27.0,36.2,59.0,1.3407407407407408
,40.0,66.9,41.0,1.6725
,43.0,82.5,25.0,1.9186046511627908
,26.0,31.4,59.0,1.2076923076923076
,19.0,23.4,58.0,1.2315789473684209
,33.0,41.7,43.0,1.2636363636363637
,41.0,74.2,51.0,1.8097560975609757
,47.0,78.7,39.0,1.6744680851063831
,36.0,45.8,45.0,1.2722222222222221
,48.0,82.6,40.0,1.7208333333333332
,24.0,19.8,56.0,0.8250000000000001
,21.0,19.0,53.0,0.9047619047619048
,35.0,33.2,49.0,0.9485714285714286
,38.0,47.1,32.0,1.2394736842105263
,35.0,43.3,57.0,1.237142857142857
,18.0,15.0,43.0,0.8333333333333334
,34.0,41.9,41.0,1.2323529411764707
,25.0,27.1,38.0,1.084
,40.0,70.0,39.0,1.75
,38.0,58.0,44.0,1.5263157894736843
,27.0,26.0,56.0,0.9629629629629629
,31.0,28.8,48.0,0.9290322580645162
,27.0,22.9,49.0,0.8481481481481481
,34.0,39.9,58.0,1.173529411764706
,43.0,64.9,35.0,1.5093023255813955
,27.0,25.0,63.0,0.9259259259259259
,39.0,42.4,43.0,1.087179487179487
,31.0,34.8,58.0,1.1225806451612903
,29.0,36.3,68.0,1.2517241379310344
,34.0,48.6,56.0,1.4294117647058824
,27.0,26.7,55.0,0.9888888888888888
,31.0,35.1,59.0,1.132258064516129
,25.0,20.2,59.0,0.8079999999999999
,51.0,90.2,25.0,1.7686274509803923
,35.0,38.8,51.0,1.1085714285714285
,29.0,39.4,53.0,1.3586206896551725
,37.0,34.9,57.0,0.9432432432432432
,34.0,40.9,43.0,1.2029411764705882
,33.0,44.4,42.0,1.3454545454545455
,40.0,80.6,22.0,2.0149999999999997
,41.0,92.6,15.0,2.2585365853658534
,31.0,41.2,41.0,1.3290322580645162
,30.0,28.6,60.0,0.9533333333333334
,33.0,41.2,44.0,1.2484848484848485
,18.0,15.0,66.0,0.8333333333333334
,23.0,23.4,60.0,1.017391304347826
,46.0,76.3,15.0,1.658695652173913
,48.0,83.4,37.0,1.7375
,33.0,37.6,63.0,1.1393939393939394
,40.0,66.3,32.0,1.6575
,37.0,44.1,56.0,1.191891891891892
,60.0,127.6,1.0,2.1266666666666665
,44.0,78.7,36.0,1.7886363636363638
,34.0,58.5,34.0,1.7205882352941178
,27.0,37.7,37.0,1.3962962962962964
,22.0,26.1,54.0,1.1863636363636365
,37.0,52.1,47.0,1.4081081081081082
,29.0,38.0,51.0,1.3103448275862069
,24.0,15.0,51.0,0.625
,30.0,34.4,52.0,1.1466666666666667
,26.0,36.2,58.0,1.3923076923076925
,48.0,82.5,30.0,1.71875
,42.0,58.7,45.0,1.3976190476190478
,35.0,45.2,45.0,1.2914285714285716
,47.0,98.0,37.0,2.0851063829787235
,36.0,57.4,35.0,1.5944444444444443
,28.0,32.5,62.0,1.1607142857142858
,47.0,89.3,40.0,1.9
,39.0,49.9,53.0,1.2794871794871794
,27.0,17.6,61.0,0.6518518518518519
,33.0,34.6,51.0,1.0484848484848486
,28.0,45.5,62.0,1.625
,24.0,23.6,46.0,0.9833333333333334
,42.0,68.2,30.0,1.6238095238095238
,50.0,87.0,23.0,1.74
,24.0,41.0,65.0,1.7083333333333333
,40.0,83.2,39.0,2.08
,30.0,54.4,39.0,1.8133333333333332
,31.0,37.1,52.0,1.196774193548387
,30.0,39.0,48.0,1.3
,28.0,20.9,54.0,0.7464285714285713
,35.0,57.4,56.0,1.64
,28.0,23.7,47.0,0.8464285714285714
,37.0,50.9,65.0,1.3756756756756756
,35.0,36.8,63.0,1.0514285714285714
,33.0,37.3,66.0,1.1303030303030301
,28.0,26.3,55.0,0.9392857142857143
,30.0,31.7,56.0,1.0566666666666666
,41.0,69.2,26.0,1.6878048780487807
,39.0,48.4,44.0,1.241025641025641
,27.0,37.9,60.0,1.4037037037037037
,36.0,38.6,67.0,1.0722222222222222
,41.0,77.8,25.0,1.897560975609756
,22.0,31.9,52.0,1.45
,39.0,48.7,47.0,1.2487179487179487
,30.0,30.9,44.0,1.03
,40.0,66.5,47.0,1.6625
,29.0,44.2,45.0,1.524137931034483
,21.0,22.0,58.0,1.0476190476190477
,22.0,18.0,57.0,0.8181818181818182
,35.0,49.5,42.0,1.4142857142857144
,37.0,40.4,53.0,1.0918918918918918
,28.0,38.5,52.0,1.375
,40.0,79.4,33.0,1.985
,22.0,19.7,54.0,0.8954545454545454
,34.0,37.1,58.0,1.0911764705882354
,25.0,20.5,78.0,0.82
,30.0,40.9,55.0,1.3633333333333333
,35.0,55.4,57.0,1.5828571428571427
,28.0,27.9,45.0,0.9964285714285713
,32.0,43.9,54.0,1.371875
,43.0,56.8,33.0,1.3209302325581396
,30.0,31.9,42.0,1.0633333333333332
,42.0,79.5,28.0,1.8928571428571428
,26.0,22.1,73.0,0.8500000000000001
,47.0,75.8,36.0,1.6127659574468085
,18.0,17.3,45.0,0.9611111111111111
,29.0,33.3,55.0,1.1482758620689655
,40.0,56.5,48.0,1.4125
,33.0,25.0,62.0,0.7575757575757576
,38.0,46.1,32.0,1.2131578947368422
,30.0,40.3,45.0,1.3433333333333333
,36.0,25.4,58.0,0.7055555555555555
,34.0,39.8,59.0,1.1705882352941175
,44.0,68.5,17.0,1.5568181818181819
,37.0,60.3,43.0,1.6297297297297297
,38.0,47.9,51.0,1.2605263157894737
,32.0,43.3,61.0,1.353125
,31.0,39.5,61.0,1.2741935483870968
,32.0,23.2,66.0,0.725
,38.0,57.1,38.0,1.5026315789473685
,32.0,41.9,34.0,1.309375
,37.0,53.3,44.0,1.4405405405405405
,52.0,120.8,22.0,2.323076923076923
,42.0,55.2,59.0,1.3142857142857143
,32.0,54.0,55.0,1.6875
,45.0,79.1,38.0,1.7577777777777777
,32.0,42.5,57.0,1.328125
,19.0,16.4,55.0,0.863157894736842
,27.0,27.8,57.0,1.0296296296296297
,20.0,15.0,79.0,0.75
,32.0,42.8,43.0,1.3375
,35.0,33.5,72.0,0.9571428571428572
,48.0,92.2,23.0,1.9208333333333334
,38.0,47.7,63.0,1.2552631578947369
,33.0,33.0,43.0,1.0
,42.0,63.6,48.0,1.5142857142857142
,18.0,25.1,50.0,1.3944444444444446
,37.0,44.9,37.0,1.2135135135135136
,41.0,85.4,36.0,2.0829268292682928
,23.0,18.2,72.0,0.7913043478260869
,44.0,85.4,23.0,1.9409090909090911
,38.0,56.5,31.0,1.486842105263158
,32.0,55.0,47.0,1.71875
,40.0,64.3,41.0,1.6075
,53.0,95.2,27.0,1.7962264150943397
,36.0,48.2,59.0,1.338888888888889
,37.0,59.6,45.0,1.6108108108108108
,31.0,32.6,75.0,1.0516129032258066
,28.0,39.0,57.0,1.3928571428571428
,42.0,66.3,37.0,1.5785714285714285
,28.0,32.5,41.0,1.1607142857142858
,36.0,48.1,47.0,1.3361111111111112
,31.0,40.4,50.0,1.303225806451613
,39.0,51.9,57.0,1.3307692307692307
,43.0,93.1,18.0,2.165116279069767
,31.0,46.3,53.0,1.493548387096774
,33.0,49.0,57.0,1.4848484848484849
,27.0,27.6,74.0,1.0222222222222224
,31.0,31.3,66.0,1.0096774193548388
,38.0,58.6,53.0,1.5421052631578949
,41.0,91.6,32.0,2.2341463414634144
,28.0,44.8,56.0,1.5999999999999999
,42.0,69.6,52.0,1.657142857142857
,46.0,80.9,19.0,1.7586956521739132
,38.0,37.9,50.0,0.9973684210526316
,50.0,85.0,20.0,1.7
,29.0,42.8,57.0,1.475862068965517
,25.0,23.9,72.0,0.956
,21.0,25.5,52.0,1.2142857142857142
,47.0,79.0,9.0,1.6808510638297873
,40.0,75.3,34.0,1.8824999999999998
,35.0,36.4,64.0,1.04
,37.0,49.9,54.0,1.3486486486486486
,26.0,15.0,68.0,0.5769230769230769
,55.0,100.7,14.0,1.830909090909091
,36.0,34.4,43.0,0.9555555555555555
,36.0,57.0,52.0,1.5833333333333333
,41.0,83.9,26.0,2.046341463414634
,39.0,56.5,68.0,1.4487179487179487
,37.0,61.4,50.0,1.6594594594594594
,29.0,27.2,53.0,0.9379310344827586
,39.0,66.8,36.0,1.7128205128205127
,50.0,84.4,27.0,1.6880000000000002
,46.0,94.2,25.0,2.0478260869565217
,48.0,98.4,35.0,2.0500000000000003
,31.0,29.5,60.0,0.9516129032258065
,27.0,24.6,53.0,0.9111111111111112
,34.0,38.9,73.0,1.1441176470588235
,35.0,41.4,53.0,1.1828571428571428
,44.0,71.6,45.0,1.6272727272727272
,21.0,30.2,50.0,1.438095238095238
,47.0,80.6,36.0,1.7148936170212765
,34.0,46.6,54.0,1.3705882352941177
,32.0,35.6,37.0,1.1125
,27.0,16.6,83.0,0.6148148148148148
,22.0,24.4,72.0,1.1090909090909091
,42.0,60.9,39.0,1.45
,36.0,46.9,39.0,1.3027777777777778
,25.0,16.7,66.0,0.6679999999999999
,25.0,43.5,53.0,1.74
,32.0,47.5,54.0,1.484375
,48.0,82.9,32.0,1.7270833333333335
,33.0,52.1,54.0,1.5787878787878789
,23.0,17.2,77.0,0.7478260869565218
,33.0,46.3,57.0,1.4030303030303028
,33.0,43.6,42.0,1.3212121212121213
,18.0,17.1,74.0,0.9500000000000001
,35.0,55.8,64.0,1.5942857142857143
,33.0,47.9,82.0,1.4515151515151514
,41.0,78.0,25.0,1.9024390243902438
,50.0,79.1,33.0,1.5819999999999999
,44.0,71.7,17.0,1.6295454545454546
,33.0,41.0,59.0,1.2424242424242424
,26.0,30.1,52.0,1.1576923076923078
,35.0,64.9,36.0,1.8542857142857145
,35.0,57.7,30.0,1.6485714285714286
,35.0,50.4,45.0,1.44
,37.0,49.8,29.0,1.345945945945946
,34.0,42.1,60.0,1.238235294117647
,30.0,29.0,38.0,0.9666666666666667
,31.0,39.0,55.0,1.2580645161290323
,35.0,47.7,30.0,1.362857142857143
,31.0,28.5,55.0,0.9193548387096774
,29.0,37.5,71.0,1.293103448275862
,36.0,46.2,54.0,1.2833333333333334
,33.0,26.7,51.0,0.8090909090909091
,47.0,74.6,34.0,1.5872340425531914
,18.0,15.0,61.0,0.8333333333333334
,44.0,90.4,35.0,2.0545454545454547
,45.0,73.6,22.0,1.6355555555555554
,18.0,15.0,67.0,0.8333333333333334
,32.0,44.1,25.0,1.378125
,32.0,27.8,53.0,0.86875
,24.0,34.5,51.0,1.4375
,29.0,31.0,64.0,1.0689655172413792
,26.0,28.7,58.0,1.103846153846154
,49.0,92.6,12.0,1.8897959183673467
,42.0,59.1,34.0,1.4071428571428573
,45.0,62.7,42.0,1.3933333333333333
,41.0,70.9,38.0,1.729268292682927
,26.0,37.7,49.0,1.4500000000000002
,39.0,30.1,63.0,0.7717948717948718
,25.0,24.0,55.0,0.96
,41.0,69.6,39.0,1.697560975609756
,33.0,51.6,71.0,1.5636363636363637
,32.0,36.5,41.0,1.140625
,41.0,74.9,19.0,1.826829268292683
,39.0,62.0,51.0,1.5897435897435896
,44.0,74.6,33.0,1.6954545454545453
,26.0,30.9,50.0,1.1884615384615385
,40.0,79.4,34.0,1.985
,40.0,66.6,57.0,1.6649999999999998
,33.0,42.3,61.0,1.2818181818181817
,38.0,31.1,65.0,0.8184210526315789
,25.0,22.3,46.0,0.892
,42.0,79.2,24.0,1.8857142857142857
,31.0,38.9,46.0,1.2548387096774194
,43.0,92.4,39.0,2.1488372093023256
,29.0,32.1,62.0,1.106896551724138
,24.0,27.2,56.0,1.1333333333333333
,23.0,16.3,62.0,0.7086956521739131
,40.0,59.1,37.0,1.4775
,25.0,32.5,59.0,1.3
,49.0,85.0,36.0,1.7346938775510203
,18.0,15.0,45.0,0.8333333333333334
,49.0,88.4,30.0,1.8040816326530613
,37.0,54.9,56.0,1.4837837837837837
,34.0,27.4,55.0,0.8058823529411764
,31.0,47.7,58.0,1.538709677419355
,38.0,48.3,78.0,1.2710526315789472
,35.0,49.0,49.0,1.4
,44.0,87.2,35.0,1.981818181818182
,36.0,36.4,47.0,1.011111111111111
,36.0,41.7,54.0,1.1583333333333334
,32.0,37.9,59.0,1.184375
,35.0,39.3,56.0,1.1228571428571428
,37.0,63.1,34.0,1.7054054054054055
,21.0,15.0,64.0,0.7142857142857143
,24.0,21.4,75.0,0.8916666666666666
,41.0,77.4,41.0,1.8878048780487806
,36.0,37.8,64.0,1.0499999999999998
,34.0,40.6,51.0,1.1941176470588235
,35.0,48.1,58.0,1.3742857142857143
,38.0,48.3,52.0,1.2710526315789472
,31.0,37.7,45.0,1.2161290322580647
,29.0,30.6,61.0,1.0551724137931036
,37.0,37.1,44.0,1.0027027027027027
,27.0,33.8,50.0,1.2518518518518518
,38.0,65.0,45.0,1.7105263157894737
,21.0,20.5,63.0,0.9761904761904762
,43.0,83.9,21.0,1.9511627906976745
,39.0,58.3,56.0,1.494871794871795
,37.0,39.0,59.0,1.054054054054054
,43.0,94.8,22.0,2.2046511627906975
,48.0,86.1,14.0,1.79375
,43.0,89.0,30.0,2.0697674418604652
,20.0,15.0,58.0,0.75
,25.0,42.1,54.0,1.6840000000000002
,30.0,42.8,49.0,1.4266666666666665
,35.0,50.0,29.0,1.4285714285714286
,39.0,54.7,43.0,1.4025641025641027
,29.0,32.8,54.0,1.1310344827586205
,36.0,57.0,53.0,1.5833333333333333
,29.0,35.9,49.0,1.2379310344827585
,30.0,20.9,78.0,0.6966666666666667
,24.0,16.9,43.0,0.7041666666666666
,36.0,45.9,64.0,1.275
,40.0,66.0,39.0,1.65
,63.0,95.5,19.0,1.5158730158730158
,36.0,57.2,47.0,1.588888888888889
,53.0,75.1,41.0,1.4169811320754715
,48.0,92.4,23.0,1.925
,59.0,90.9,6.0,1.540677966101695
,76.0,125.5,1.0,1.6513157894736843
,63.0,95.2,9.0,1.511111111111111
,31.0,41.8,55.0,1.3483870967741935
,20.0,15.0,74.0,0.75
,34.0,54.0,38.0,1.588235294117647
,55.0,108.3,20.0,1.969090909090909
,21.0,25.1,52.0,1.1952380952380952
,49.0,77.0,31.0,1.5714285714285714
,55.0,105.3,16.0,1.9145454545454546
,39.0,47.1,35.0,1.2076923076923076
,66.0,108.2,1.0,1.6393939393939394
,25.0,40.8,67.0,1.632
,23.0,32.6,65.0,1.4173913043478261
,63.0,90.2,12.0,1.4317460317460318
,49.0,96.9,26.0,1.9775510204081634
,61.0,82.1,15.0,1.3459016393442622
,33.0,45.6,50.0,1.3818181818181818
,69.0,91.8,5.0,1.3304347826086955
,68.0,95.7,14.0,1.4073529411764707
,61.0,90.1,7.0,1.4770491803278687
,35.0,43.2,68.0,1.2342857142857144
,55.0,81.9,9.0,1.4890909090909092
,40.0,76.4,54.0,1.9100000000000001
,24.0,27.8,54.0,1.1583333333333334
,75.0,116.0,1.0,1.5466666666666666
,26.0,23.4,41.0,0.8999999999999999
,77.0,129.6,1.0,1.683116883116883
,46.0,92.7,17.0,2.015217391304348
,29.0,30.9,52.0,1.0655172413793104
,52.0,90.2,23.0,1.7346153846153847
,72.0,116.1,1.0,1.6124999999999998
,63.0,93.1,13.0,1.4777777777777776
,68.0,103.9,3.0,1.5279411764705884
,59.0,112.5,1.0,1.9067796610169492
,61.0,77.1,11.0,1.263934426229508
,71.0,120.9,6.0,1.7028169014084509
,33.0,42.6,45.0,1.290909090909091
,48.0,84.3,46.0,1.7562499999999999
,32.0,39.5,52.0,1.234375
,79.0,124.5,1.0,1.5759493670886076
,77.0,107.4,1.0,1.394805194805195
,20.0,30.6,68.0,1.53
,62.0,94.5,11.0,1.5241935483870968
,75.0,121.1,1.0,1.6146666666666667
,29.0,42.4,52.0,1.4620689655172414
,53.0,92.6,26.0,1.7471698113207546
,75.0,121.4,1.0,1.6186666666666667
,20.0,16.5,61.0,0.825
,61.0,99.2,17.0,1.6262295081967213
,36.0,30.4,74.0,0.8444444444444444
,75.0,116.8,1.0,1.5573333333333332
,78.0,118.2,1.0,1.5153846153846153
,77.0,124.7,1.0,1.6194805194805195
,47.0,93.4,1.0,1.9872340425531916
,71.0,104.7,1.0,1.4746478873239437
,70.0,102.9,1.0,1.47
,38.0,50.1,44.0,1.318421052631579
,69.0,99.6,2.0,1.443478260869565
,20.0,25.3,57.0,1.2650000000000001
,55.0,102.0,28.0,1.8545454545454545
,32.0,16.9,64.0,0.528125
,25.0,24.6,52.0,0.9840000000000001
,23.0,15.7,73.0,0.6826086956521739
,61.0,79.3,17.0,1.3
,39.0,42.9,56.0,1.0999999999999999
,63.0,96.9,5.0,1.5380952380952382
,22.0,32.8,49.0,1.4909090909090907
,38.0,53.5,48.0,1.4078947368421053
,51.0,79.0,30.0,1.5490196078431373
,67.0,106.8,5.0,1.5940298507462687
,38.0,47.3,47.0,1.2447368421052631
,57.0,100.3,1.0,1.7596491228070175
,73.0,104.8,1.0,1.4356164383561643
,56.0,79.3,33.0,1.4160714285714284
,32.0,37.1,52.0,1.159375
,20.0,19.9,58.0,0.9949999999999999
,72.0,111.4,1.0,1.5472222222222223
,19.0,15.0,54.0,0.7894736842105263
,72.0,104.6,1.0,1.4527777777777777
,51.0,93.9,22.0,1.8411764705882354
,76.0,108.9,1.0,1.4328947368421054
,68.0,111.2,1.0,1.6352941176470588
,80.0,118.6,1.0,1.4825
,40.0,74.0,43.0,1.85
,66.0,89.7,8.0,1.3590909090909091
,43.0,71.9,41.0,1.672093023255814
,48.0,101.9,41.0,2.122916666666667
,57.0,104.4,10.0,1.8315789473684212
,72.0,120.0,1.0,1.6666666666666667
,79.0,129.0,1.0,1.6329113924050633
,66.0,92.6,1.0,1.4030303030303028
,44.0,81.0,28.0,1.8409090909090908
,44.0,59.5,37.0,1.3522727272727273
,64.0,108.4,7.0,1.69375
,33.0,32.4,80.0,0.9818181818181818
,25.0,34.7,48.0,1.3880000000000001
,40.0,74.6,34.0,1.8649999999999998
,36.0,62.0,44.0,1.7222222222222223
,36.0,44.1,56.0,1.225
,32.0,45.9,54.0,1.434375
,21.0,38.7,66.0,1.842857142857143
,19.0,15.0,37.0,0.7894736842105263
,79.0,112.5,1.0,1.4240506329113924
,45.0,60.3,36.0,1.3399999999999999
,42.0,81.0,46.0,1.9285714285714286
,60.0,90.6,1.0,1.51
,32.0,37.2,25.0,1.1625
,77.0,124.7,1.0,1.6194805194805195
,67.0,104.7,3.0,1.5626865671641792
,24.0,29.2,47.0,1.2166666666666666
,44.0,82.2,23.0,1.8681818181818182
,73.0,124.2,1.0,1.7013698630136986
,77.0,113.6,1.0,1.4753246753246751
,47.0,79.1,26.0,1.6829787234042553
,56.0,99.6,22.0,1.7785714285714285
,28.0,39.6,26.0,1.4142857142857144
,79.0,132.0,1.0,1.6708860759493671
,32.0,43.8,41.0,1.36875
,76.0,128.9,1.0,1.6960526315789475
,58.0,95.6,11.0,1.6482758620689655
,56.0,116.1,18.0,2.0732142857142857
,50.0,97.5,4.0,1.95
,32.0,46.1,52.0,1.440625
,29.0,49.1,56.0,1.693103448275862
,32.0,26.9,78.0,0.840625
,30.0,32.4,52.0,1.0799999999999998
,66.0,95.5,9.0,1.446969696969697
,40.0,74.1,20.0,1.8524999999999998
,22.0,15.0,39.0,0.6818181818181818
,78.0,129.1,1.0,1.655128205128205
,73.0,125.0,1.0,1.7123287671232876
,76.0,125.0,1.0,1.644736842105263
,80.0,128.9,1.0,1.61125
,43.0,75.3,55.0,1.7511627906976743
,65.0,109.6,6.0,1.6861538461538461
,61.0,98.6,14.0,1.6163934426229507
,28.0,32.7,57.0,1.167857142857143
,69.0,103.5,1.0,1.5
,32.0,24.0,74.0,0.75
,32.0,31.6,51.0,0.9875
,51.0,109.2,23.0,2.1411764705882352
,55.0,80.3,10.0,1.46
,54.0,100.0,7.0,1.8518518518518519
,24.0,33.9,70.0,1.4124999999999999
,72.0,102.2,1.0,1.4194444444444445
,34.0,45.3,66.0,1.3323529411764705
,26.0,36.9,54.0,1.419230769230769
,73.0,114.1,1.0,1.5630136986301368
,77.0,144.1,1.0,1.8714285714285714
,71.0,97.1,1.0,1.3676056338028169
,68.0,113.5,3.0,1.6691176470588236
,59.0,110.5,9.0,1.8728813559322033
,52.0,97.9,6.0,1.8826923076923079
,23.0,27.5,60.0,1.1956521739130435
,43.0,62.5,64.0,1.4534883720930232
,41.0,72.3,44.0,1.7634146341463415
,34.0,28.9,58.0,0.85
,63.0,100.8,19.0,1.5999999999999999
,49.0,95.7,27.0,1.953061224489796
,23.0,29.1,59.0,1.2652173913043478
,32.0,48.7,40.0,1.521875
,60.0,102.3,13.0,1.7049999999999998
,23.0,25.2,69.0,1.0956521739130434
,71.0,103.4,1.0,1.4563380281690141
,49.0,78.0,46.0,1.5918367346938775
,48.0,80.5,30.0,1.6770833333333333
,55.0,109.1,5.0,1.9836363636363636
,69.0,104.9,8.0,1.520289855072464
,40.0,72.0,36.0,1.8
,60.0,104.5,18.0,1.7416666666666667
,53.0,97.0,18.0,1.830188679245283
,35.0,50.9,49.0,1.4542857142857142
,72.0,127.7,1.0,1.7736111111111112
,67.0,96.2,7.0,1.4358208955223881
,59.0,102.4,1.0,1.7355932203389832
,71.0,112.3,1.0,1.5816901408450703
,72.0,117.4,1.0,1.6305555555555555
,70.0,101.6,1.0,1.4514285714285713
,61.0,99.5,1.0,1.6311475409836065
,60.0,111.5,1.0,1.8583333333333334
,56.0,85.6,2.0,1.5285714285714285
,65.0,110.4,1.0,1.6984615384615385
,28.0,42.4,47.0,1.5142857142857142
,73.0,115.1,1.0,1.5767123287671232
,72.0,112.8,1.0,1.5666666666666667
,20.0,23.0,62.0,1.15
,69.0,99.9,21.0,1.4478260869565218
,26.0,29.6,43.0,1.1384615384615384
,39.0,35.6,66.0,0.9128205128205129
,64.0,104.8,15.0,1.6375
,28.0,20.5,54.0,0.7321428571428571
,69.0,118.8,1.0,1.7217391304347827
,70.0,106.0,1.0,1.5142857142857142
,49.0,82.8,32.0,1.6897959183673468
,18.0,15.0,76.0,0.8333333333333334
,36.0,45.1,57.0,1.2527777777777778
,56.0,118.4,14.0,2.1142857142857143
,79.0,104.9,1.0,1.3278481012658228
,57.0,110.8,1.0,1.943859649122807
,34.0,46.5,49.0,1.3676470588235294
,57.0,86.4,33.0,1.5157894736842106
,51.0,83.4,13.0,1.635294117647059
,66.0,114.8,1.0,1.7393939393939393
,25.0,20.0,63.0,0.8
,65.0,90.4,1.0,1.3907692307692308
,52.0,92.8,15.0,1.7846153846153845
,78.0,125.7,1.0,1.6115384615384616
,39.0,45.3,37.0,1.1615384615384614
,57.0,100.0,6.0,1.7543859649122806
,76.0,111.2,1.0,1.4631578947368422
,24.0,34.6,42.0,1.4416666666666667
,76.0,127.9,1.0,1.6828947368421054
,61.0,96.7,6.0,1.5852459016393443
,22.0,25.1,66.0,1.1409090909090909
,37.0,63.3,42.0,1.7108108108108107
,62.0,94.2,7.0,1.5193548387096774
,22.0,15.0,63.0,0.6818181818181818
,54.0,107.4,1.0,1.988888888888889
,39.0,69.5,46.0,1.7820512820512822
,56.0,92.8,23.0,1.657142857142857
,21.0,17.5,57.0,0.8333333333333334
,72.0,115.5,1.0,1.6041666666666667
,78.0,122.6,1.0,1.5717948717948718
,78.0,115.1,1.0,1.4756410256410255
,64.0,106.8,6.0,1.66875
,26.0,48.0,47.0,1.8461538461538463
,65.0,101.2,5.0,1.556923076923077
,20.0,15.0,61.0,0.75
,19.0,15.0,74.0,0.7894736842105263
,38.0,53.1,37.0,1.3973684210526316
,48.0,92.8,19.0,1.9333333333333333
,66.0,105.2,12.0,1.593939393939394
,60.0,100.1,6.0,1.6683333333333332
,46.0,73.8,44.0,1.6043478260869564
,35.0,36.9,72.0,1.0542857142857143
,80.0,133.3,1.0,1.6662500000000002
,44.0,82.6,40.0,1.8772727272727272
,46.0,67.7,26.0,1.4717391304347827
,28.0,45.7,59.0,1.6321428571428573
,67.0,107.8,1.0,1.6089552238805969
